[
  {
    "shortDescription" : "Ultralytics YOLOv8n model trained on idcard_corner.yaml",
    "metadataOutputVersion" : "3.0",
    "outputSchema" : [
      {
        "dataType" : "Float32",
        "hasShapeFlexibility" : "1",
        "isOptional" : "0",
        "shapeFlexibility" : "0... × 2",
        "shapeRange" : "[[0, -1], [2, 2]]",
        "formattedType" : "MultiArray (Float32 0 × 2)",
        "type" : "MultiArray",
        "shape" : "[0, 2]",
        "name" : "confidence",
        "shortDescription" : "Boxes × Class confidence (see user-defined metadata \"classes\")"
      },
      {
        "dataType" : "Float32",
        "hasShapeFlexibility" : "1",
        "isOptional" : "0",
        "shapeFlexibility" : "0... × 4",
        "shapeRange" : "[[0, -1], [4, 4]]",
        "formattedType" : "MultiArray (Float32 0 × 4)",
        "type" : "MultiArray",
        "shape" : "[0, 4]",
        "name" : "coordinates",
        "shortDescription" : "Boxes × [x, y, width, height] (relative to image size)"
      }
    ],
    "version" : "8.0.131",
    "modelParameters" : [

    ],
    "author" : "Ultralytics",
    "specificationVersion" : 5,
    "storagePrecision" : "Mixed (Float16, Float32)",
    "license" : "AGPL-3.0 https:\/\/ultralytics.com\/license",
    "computePrecision" : "Float16",
    "isUpdatable" : "0",
    "availability" : {
      "macOS" : "11.0",
      "tvOS" : "14.0",
      "visionOS" : "1.0",
      "watchOS" : "7.0",
      "iOS" : "14.0",
      "macCatalyst" : "14.0"
    },
    "modelType" : {
      "name" : "MLModelType_pipeline",
      "structure" : [
        {
          "name" : "MLModelType_neuralNetwork"
        },
        {
          "name" : "MLModelType_nonMaximumSuppression"
        }
      ]
    },
    "inputSchema" : [
      {
        "height" : "288",
        "colorspace" : "RGB",
        "isOptional" : "0",
        "width" : "288",
        "isColor" : "1",
        "formattedType" : "Image (Color 288 × 288)",
        "hasSizeFlexibility" : "0",
        "type" : "Image",
        "shortDescription" : "Input image",
        "name" : "image"
      },
      {
        "isOptional" : "0",
        "formattedType" : "Double",
        "type" : "Double",
        "name" : "iouThreshold",
        "shortDescription" : "(optional) IOU threshold override (default: 0.15)"
      },
      {
        "isOptional" : "0",
        "formattedType" : "Double",
        "type" : "Double",
        "name" : "confidenceThreshold",
        "shortDescription" : "(optional) Confidence threshold override (default: 0.1)"
      }
    ],
    "classLabels" : [
      "card",
      "corner"
    ],
    "generatedClassName" : "idcard",
    "userDefinedMetadata" : {
      "stride" : "32",
      "IoU threshold" : "0.15",
      "Confidence threshold" : "0.1",
      "task" : "detect",
      "imgsz" : "[288, 288]",
      "batch" : "1",
      "names" : "{0: 'card', 1: 'corner'}"
    },
    "neuralNetworkLayerTypeHistogram" : {
      "Concat" : 16,
      "Convolution" : 64,
      "ActivationSigmoid" : 1,
      "ReshapeStatic" : 5,
      "LoadConstantND" : 2,
      "MultiplyBroadcastable" : 1,
      "Transpose" : 2,
      "UpsampleNearestNeighbor" : 2,
      "PoolingMax" : 3,
      "Softmax" : 1,
      "SplitND" : 11,
      "SliceStatic" : 1,
      "Add" : 10,
      "Multiply" : 2,
      "ConcatND" : 3,
      "ActivationLinear" : 2,
      "ActivationReLU" : 57
    },
    "method" : "predict"
  }
]