[
  {
    "shortDescription" : "Ultralytics model_30_063_best model trained on flash_dataset.yaml",
    "metadataOutputVersion" : "3.0",
    "outputSchema" : [
      {
        "dataType" : "Float32",
        "hasShapeFlexibility" : "1",
        "isOptional" : "0",
        "shapeFlexibility" : "0... × 1",
        "shapeRange" : "[[0, -1], [1, 1]]",
        "formattedType" : "MultiArray (Float32 0 × 1)",
        "type" : "MultiArray",
        "shape" : "[0, 1]",
        "name" : "confidence",
        "shortDescription" : "Boxes × Class confidence (see user-defined metadata \"classes\")"
      },
      {
        "dataType" : "Float32",
        "hasShapeFlexibility" : "1",
        "isOptional" : "0",
        "shapeFlexibility" : "0... × 4",
        "shapeRange" : "[[0, -1], [4, 4]]",
        "formattedType" : "MultiArray (Float32 0 × 4)",
        "type" : "MultiArray",
        "shape" : "[0, 4]",
        "name" : "coordinates",
        "shortDescription" : "Boxes × [x, y, width, height] (relative to image size)"
      }
    ],
    "version" : "8.0.197",
    "modelParameters" : [

    ],
    "author" : "Ultralytics",
    "specificationVersion" : 5,
    "storagePrecision" : "Mixed (Float16, Palettized (8 bits))",
    "license" : "AGPL-3.0 https:\/\/ultralytics.com\/license",
    "mlProgramOperationTypeHistogram" : {
      "Concat" : 19,
      "Ios16.cast" : 3,
      "Ios16.mul" : 4,
      "SliceByIndex" : 1,
      "Ios16.constexprLutToDense" : 62,
      "Ios16.sub" : 2,
      "Transpose" : 2,
      "Ios16.maxPool" : 3,
      "Ios16.sigmoid" : 1,
      "Ios16.conv" : 64,
      "Ios16.add" : 8,
      "UpsampleNearestNeighbor" : 2,
      "Ios16.softmax" : 1,
      "Split" : 11,
      "Ios16.reshape" : 5,
      "Ios16.silu" : 57
    },
    "computePrecision" : "Mixed (Float16, Float32, Int32)",
    "isUpdatable" : "0",
    "availability" : {
      "macOS" : "11.0",
      "tvOS" : "14.0",
      "visionOS" : "1.0",
      "watchOS" : "7.0",
      "iOS" : "14.0",
      "macCatalyst" : "14.0"
    },
    "modelType" : {
      "name" : "MLModelType_pipeline",
      "structure" : [
        {
          "name" : "MLModelType_mlProgram"
        },
        {
          "name" : "MLModelType_nonMaximumSuppression"
        }
      ]
    },
    "inputSchema" : [
      {
        "height" : "480",
        "colorspace" : "RGB",
        "isOptional" : "0",
        "width" : "480",
        "isColor" : "1",
        "formattedType" : "Image (Color 480 × 480)",
        "hasSizeFlexibility" : "0",
        "type" : "Image",
        "shortDescription" : "Input image",
        "name" : "image"
      },
      {
        "isOptional" : "0",
        "formattedType" : "Double",
        "type" : "Double",
        "name" : "iouThreshold",
        "shortDescription" : "(optional) IOU threshold override (default: 0.45)"
      },
      {
        "isOptional" : "0",
        "formattedType" : "Double",
        "type" : "Double",
        "name" : "confidenceThreshold",
        "shortDescription" : "(optional) Confidence threshold override (default: 0.25)"
      }
    ],
    "classLabels" : [
      "flash"
    ],
    "generatedClassName" : "flashcard",
    "userDefinedMetadata" : {
      "IoU threshold" : "0.45",
      "Confidence threshold" : "0.25",
      "stride" : "32",
      "task" : "detect",
      "imgsz" : "[480, 480]",
      "date" : "2023-10-30T15:04:27.320592",
      "batch" : "1",
      "names" : "{0: 'flash'}"
    },
    "method" : "predict"
  }
]